,cell,recording,freq,genotype_2,pos,genotype_3
0,Mean1,230223_slice05_500pM_AngII_ctrl_results.ome.csv,0.8062770562770563,wt_ctrl,1,wt_ctrl_1
1,Mean10,230223_slice05_500pM_AngII_ctrl_results.ome.csv,0.5908289241622575,wt_ctrl,1,wt_ctrl_1
2,Mean12,230223_slice05_500pM_AngII_ctrl_results.ome.csv,0.8368005527948484,wt_ctrl,1,wt_ctrl_1
3,Mean18,230223_slice05_500pM_AngII_ctrl_results.ome.csv,0.5775075987841946,wt_ctrl,1,wt_ctrl_1
4,Mean19,230223_slice05_500pM_AngII_ctrl_results.ome.csv,0.74235807860262,wt_ctrl,1,wt_ctrl_1
5,Mean23,230223_slice05_500pM_AngII_ctrl_results.ome.csv,1.140939597315436,wt_ctrl,1,wt_ctrl_1
6,Mean3,230223_slice05_500pM_AngII_ctrl_results.ome.csv,0.6547619047619048,wt_ctrl,1,wt_ctrl_1
7,Mean4,230223_slice05_500pM_AngII_ctrl_results.ome.csv,0.7243243243243243,wt_ctrl,1,wt_ctrl_1
8,Mean5,230223_slice05_500pM_AngII_ctrl_results.ome.csv,0.6259734310581768,wt_ctrl,1,wt_ctrl_1
9,Mean10,230224_slice02_500pM_AngII_ctrl_results.csv,1.0607621009268795,wt_ctrl,1,wt_ctrl_1
10,Mean14,230224_slice02_500pM_AngII_ctrl_results.csv,0.906040268456376,wt_ctrl,1,wt_ctrl_1
11,Mean21,230224_slice02_500pM_AngII_ctrl_results.csv,0.9747292418772564,wt_ctrl,1,wt_ctrl_1
12,Mean24,230224_slice02_500pM_AngII_ctrl_results.csv,1.1996644295302012,wt_ctrl,1,wt_ctrl_1
13,Mean25,230224_slice02_500pM_AngII_ctrl_results.csv,0.7058823529411764,wt_ctrl,1,wt_ctrl_1
14,Mean32,230224_slice02_500pM_AngII_ctrl_results.csv,0.9604043807919124,wt_ctrl,1,wt_ctrl_1
15,Mean33,230224_slice02_500pM_AngII_ctrl_results.csv,0.9604043807919124,wt_ctrl,1,wt_ctrl_1
16,Mean36,230224_slice02_500pM_AngII_ctrl_results.csv,0.8942065491183878,wt_ctrl,1,wt_ctrl_1
17,Mean37,230224_slice02_500pM_AngII_ctrl_results.csv,1.0583153347732182,wt_ctrl,1,wt_ctrl_1
18,Mean38,230224_slice02_500pM_AngII_ctrl_results.csv,0.7919123841617522,wt_ctrl,1,wt_ctrl_1
19,Mean5,230224_slice02_500pM_AngII_ctrl_results.csv,0.8523206751054851,wt_ctrl,1,wt_ctrl_1
20,Mean7,230224_slice02_500pM_AngII_ctrl_results.csv,1.2919463087248322,wt_ctrl,1,wt_ctrl_1
21,Mean9,230224_slice02_500pM_AngII_ctrl_results.csv,1.0756302521008403,wt_ctrl,1,wt_ctrl_1
22,Mean14,230224_slice03_500pM_AngII_ctrl_results.csv,1.097972972972973,wt_ctrl,1,wt_ctrl_1
23,Mean15,230224_slice03_500pM_AngII_ctrl_results.csv,0.765993265993266,wt_ctrl,1,wt_ctrl_1
24,Mean18,230224_slice03_500pM_AngII_ctrl_results.csv,0.9358752166377816,wt_ctrl,1,wt_ctrl_1
25,Mean2,230224_slice03_500pM_AngII_ctrl_results.csv,0.7478991596638654,wt_ctrl,1,wt_ctrl_1
26,Mean21,230224_slice03_500pM_AngII_ctrl_results.csv,0.970873786407767,wt_ctrl,1,wt_ctrl_1
27,Mean23,230224_slice03_500pM_AngII_ctrl_results.csv,0.6464250734573947,wt_ctrl,1,wt_ctrl_1
28,Mean24,230224_slice03_500pM_AngII_ctrl_results.csv,0.9840201850294366,wt_ctrl,1,wt_ctrl_1
29,Mean28,230224_slice03_500pM_AngII_ctrl_results.csv,0.4925650557620817,wt_ctrl,1,wt_ctrl_1
30,Mean31,230224_slice03_500pM_AngII_ctrl_results.csv,0.8718471014775252,wt_ctrl,1,wt_ctrl_1
31,Mean32,230224_slice03_500pM_AngII_ctrl_results.csv,1.2783851976450795,wt_ctrl,1,wt_ctrl_1
32,Mean34,230224_slice03_500pM_AngII_ctrl_results.csv,0.7627118644067796,wt_ctrl,1,wt_ctrl_1
33,Mean4,230224_slice03_500pM_AngII_ctrl_results.csv,0.5573770491803278,wt_ctrl,1,wt_ctrl_1
34,Mean6,230224_slice03_500pM_AngII_ctrl_results.csv,0.7220822837951301,wt_ctrl,1,wt_ctrl_1
35,Mean7,230224_slice03_500pM_AngII_ctrl_results.csv,0.4931972789115646,wt_ctrl,1,wt_ctrl_1
36,Mean9,230224_slice03_500pM_AngII_ctrl_results.csv,0.8222093452036032,wt_ctrl,1,wt_ctrl_1
37,Mean1,230227_slice01_500pM_AngII_ctrl_results.csv,0.4603580562659847,wt_ctrl,1,wt_ctrl_1
38,Mean13,230227_slice01_500pM_AngII_ctrl_results.csv,0.4882154882154882,wt_ctrl,1,wt_ctrl_1
39,Mean14,230227_slice01_500pM_AngII_ctrl_results.csv,0.4908158991643565,wt_ctrl,1,wt_ctrl_1
40,Mean15,230227_slice01_500pM_AngII_ctrl_results.csv,0.6902356902356902,wt_ctrl,1,wt_ctrl_1
41,Mean16,230227_slice01_500pM_AngII_ctrl_results.csv,0.482233502538071,wt_ctrl,1,wt_ctrl_1
42,Mean19,230227_slice01_500pM_AngII_ctrl_results.csv,0.4778972520908004,wt_ctrl,1,wt_ctrl_1
43,Mean2,230227_slice01_500pM_AngII_ctrl_results.csv,0.6075949367088608,wt_ctrl,1,wt_ctrl_1
44,Mean20,230227_slice01_500pM_AngII_ctrl_results.csv,0.5546218487394957,wt_ctrl,1,wt_ctrl_1
45,Mean21,230227_slice01_500pM_AngII_ctrl_results.csv,0.518862370363661,wt_ctrl,1,wt_ctrl_1
46,Mean22,230227_slice01_500pM_AngII_ctrl_results.csv,0.4206008583690986,wt_ctrl,1,wt_ctrl_1
47,Mean23,230227_slice01_500pM_AngII_ctrl_results.csv,0.5903305558099075,wt_ctrl,1,wt_ctrl_1
48,Mean24,230227_slice01_500pM_AngII_ctrl_results.csv,0.5892255892255892,wt_ctrl,1,wt_ctrl_1
49,Mean26,230227_slice01_500pM_AngII_ctrl_results.csv,0.4853556485355648,wt_ctrl,1,wt_ctrl_1
50,Mean27,230227_slice01_500pM_AngII_ctrl_results.csv,0.5709487825356843,wt_ctrl,1,wt_ctrl_1
51,Mean3,230227_slice01_500pM_AngII_ctrl_results.csv,0.6701403243664494,wt_ctrl,1,wt_ctrl_1
52,Mean31,230227_slice01_500pM_AngII_ctrl_results.csv,0.5734144222415292,wt_ctrl,1,wt_ctrl_1
53,Mean32,230227_slice01_500pM_AngII_ctrl_results.csv,0.5131673540429075,wt_ctrl,1,wt_ctrl_1
54,Mean33,230227_slice01_500pM_AngII_ctrl_results.csv,0.5822784810126582,wt_ctrl,1,wt_ctrl_1
55,Mean35,230227_slice01_500pM_AngII_ctrl_results.csv,0.4061236563590953,wt_ctrl,1,wt_ctrl_1
56,Mean36,230227_slice01_500pM_AngII_ctrl_results.csv,0.6234203875315922,wt_ctrl,1,wt_ctrl_1
57,Mean38,230227_slice01_500pM_AngII_ctrl_results.csv,0.8571428571428571,wt_ctrl,1,wt_ctrl_1
58,Mean39,230227_slice01_500pM_AngII_ctrl_results.csv,0.6291530329725648,wt_ctrl,1,wt_ctrl_1
59,Mean4,230227_slice01_500pM_AngII_ctrl_results.csv,0.56731583403895,wt_ctrl,1,wt_ctrl_1
60,Mean40,230227_slice01_500pM_AngII_ctrl_results.csv,0.906801007556675,wt_ctrl,1,wt_ctrl_1
61,Mean41,230227_slice01_500pM_AngII_ctrl_results.csv,0.5059021922428331,wt_ctrl,1,wt_ctrl_1
62,Mean42,230227_slice01_500pM_AngII_ctrl_results.csv,0.8702928870292888,wt_ctrl,1,wt_ctrl_1
63,Mean6,230227_slice01_500pM_AngII_ctrl_results.csv,0.7698815566835872,wt_ctrl,1,wt_ctrl_1
64,Mean7,230227_slice01_500pM_AngII_ctrl_results.csv,0.7304785894206548,wt_ctrl,1,wt_ctrl_1
65,Mean8,230227_slice01_500pM_AngII_ctrl_results.csv,0.6751054852320675,wt_ctrl,1,wt_ctrl_1
66,Mean12,230228_slice01_500pM_AngII_ctrl_results.csv,0.8395778875012101,wt_ctrl,1,wt_ctrl_1
67,Mean14,230228_slice01_500pM_AngII_ctrl_results.csv,1.1278195488721805,wt_ctrl,1,wt_ctrl_1
68,Mean15,230228_slice01_500pM_AngII_ctrl_results.csv,0.7861369399830938,wt_ctrl,1,wt_ctrl_1
69,Mean18,230228_slice01_500pM_AngII_ctrl_results.csv,0.7236172701798296,wt_ctrl,1,wt_ctrl_1
70,Mean19,230228_slice01_500pM_AngII_ctrl_results.csv,1.0050251256281406,wt_ctrl,1,wt_ctrl_1
71,Mean2,230228_slice01_500pM_AngII_ctrl_results.csv,1.2144053601340032,wt_ctrl,1,wt_ctrl_1
72,Mean20,230228_slice01_500pM_AngII_ctrl_results.csv,0.9882747068676716,wt_ctrl,1,wt_ctrl_1
73,Mean23,230228_slice01_500pM_AngII_ctrl_results.csv,0.7983193277310924,wt_ctrl,1,wt_ctrl_1
74,Mean3,230228_slice01_500pM_AngII_ctrl_results.csv,1.1641541038525962,wt_ctrl,1,wt_ctrl_1
75,Mean4,230228_slice01_500pM_AngII_ctrl_results.csv,0.8739495798319328,wt_ctrl,1,wt_ctrl_1
76,Mean5,230228_slice01_500pM_AngII_ctrl_results.csv,1.01272043396904,wt_ctrl,1,wt_ctrl_1
77,Mean6,230228_slice01_500pM_AngII_ctrl_results.csv,0.728813559322034,wt_ctrl,1,wt_ctrl_1
78,Mean10,230302_slice06_500pM_AngII_ctrl_results.csv,0.7611984629378677,wt_ctrl,1,wt_ctrl_1
79,Mean11,230302_slice06_500pM_AngII_ctrl_results.csv,0.7169811320754716,wt_ctrl,1,wt_ctrl_1
80,Mean12,230302_slice06_500pM_AngII_ctrl_results.csv,0.565269039552994,wt_ctrl,1,wt_ctrl_1
81,Mean13,230302_slice06_500pM_AngII_ctrl_results.csv,0.6435643564356436,wt_ctrl,1,wt_ctrl_1
82,Mean14,230302_slice06_500pM_AngII_ctrl_results.csv,0.9487315010570824,wt_ctrl,1,wt_ctrl_1
83,Mean16,230302_slice06_500pM_AngII_ctrl_results.csv,1.1167086481947943,wt_ctrl,1,wt_ctrl_1
84,Mean2,230302_slice06_500pM_AngII_ctrl_results.csv,0.5144804749647528,wt_ctrl,1,wt_ctrl_1
85,Mean22,230302_slice06_500pM_AngII_ctrl_results.csv,0.7168784029038112,wt_ctrl,1,wt_ctrl_1
86,Mean23,230302_slice06_500pM_AngII_ctrl_results.csv,0.6519898391193903,wt_ctrl,1,wt_ctrl_1
87,Mean24,230302_slice06_500pM_AngII_ctrl_results.csv,0.8840327327390909,wt_ctrl,1,wt_ctrl_1
88,Mean25,230302_slice06_500pM_AngII_ctrl_results.csv,0.8717378022169853,wt_ctrl,1,wt_ctrl_1
89,Mean4,230302_slice06_500pM_AngII_ctrl_results.csv,0.6315383991565972,wt_ctrl,1,wt_ctrl_1
90,Mean8,230302_slice06_500pM_AngII_ctrl_results.csv,1.2057777662418565,wt_ctrl,1,wt_ctrl_1
91,Mean9,230302_slice06_500pM_AngII_ctrl_results.csv,0.6866197183098591,wt_ctrl,1,wt_ctrl_1
92,Mean14,220601_slice03_rec01_ctrl_dp_results.csv,1.4133016627078383,wt_ctrl,1,wt_ctrl_1
93,Mean15,220601_slice03_rec01_ctrl_dp_results.csv,1.486410277571456,wt_ctrl,1,wt_ctrl_1
94,Mean16,220601_slice03_rec01_ctrl_dp_results.csv,1.3605463921919616,wt_ctrl,1,wt_ctrl_1
95,Mean2,220601_slice03_rec01_ctrl_dp_results.csv,1.640926640926641,wt_ctrl,1,wt_ctrl_1
96,Mean3,220601_slice03_rec01_ctrl_dp_results.csv,0.9932885906040269,wt_ctrl,1,wt_ctrl_1
97,Mean5,220601_slice03_rec01_ctrl_dp_results.csv,1.1842105263157894,wt_ctrl,1,wt_ctrl_1
98,Mean6,220601_slice03_rec01_ctrl_dp_results.csv,1.7187499999999998,wt_ctrl,1,wt_ctrl_1
99,Mean1,220603_slice03_rec01_ctrl_dp_results.csv,0.7605177993527508,wt_ctrl,1,wt_ctrl_1
100,Mean10,220603_slice03_rec01_ctrl_dp_results.csv,0.8357977991746904,wt_ctrl,1,wt_ctrl_1
101,Mean12,220603_slice03_rec01_ctrl_dp_results.csv,0.8997050147492625,wt_ctrl,1,wt_ctrl_1
102,Mean13,220603_slice03_rec01_ctrl_dp_results.csv,0.8885163453478625,wt_ctrl,1,wt_ctrl_1
103,Mean14,220603_slice03_rec01_ctrl_dp_results.csv,1.1260504201680672,wt_ctrl,1,wt_ctrl_1
104,Mean15,220603_slice03_rec01_ctrl_dp_results.csv,0.8922558922558923,wt_ctrl,1,wt_ctrl_1
105,Mean16,220603_slice03_rec01_ctrl_dp_results.csv,1.1365807067812796,wt_ctrl,1,wt_ctrl_1
106,Mean17,220603_slice03_rec01_ctrl_dp_results.csv,0.7868020304568528,wt_ctrl,1,wt_ctrl_1
107,Mean18,220603_slice03_rec01_ctrl_dp_results.csv,1.285097192224622,wt_ctrl,1,wt_ctrl_1
108,Mean20,220603_slice03_rec01_ctrl_dp_results.csv,0.7296920546222044,wt_ctrl,1,wt_ctrl_1
109,Mean21,220603_slice03_rec01_ctrl_dp_results.csv,0.7075873827791986,wt_ctrl,1,wt_ctrl_1
110,Mean22,220603_slice03_rec01_ctrl_dp_results.csv,0.8457224830464266,wt_ctrl,1,wt_ctrl_1
111,Mean23,220603_slice03_rec01_ctrl_dp_results.csv,1.0357191827780063,wt_ctrl,1,wt_ctrl_1
112,Mean24,220603_slice03_rec01_ctrl_dp_results.csv,0.8333333333333333,wt_ctrl,1,wt_ctrl_1
113,Mean25,220603_slice03_rec01_ctrl_dp_results.csv,1.2111017661900756,wt_ctrl,1,wt_ctrl_1
114,Mean27,220603_slice03_rec01_ctrl_dp_results.csv,0.8062418725617686,wt_ctrl,1,wt_ctrl_1
115,Mean28,220603_slice03_rec01_ctrl_dp_results.csv,0.9077598828696926,wt_ctrl,1,wt_ctrl_1
116,Mean29,220603_slice03_rec01_ctrl_dp_results.csv,0.6907785705563212,wt_ctrl,1,wt_ctrl_1
117,Mean3,220603_slice03_rec01_ctrl_dp_results.csv,0.6113716496080512,wt_ctrl,1,wt_ctrl_1
118,Mean30,220603_slice03_rec01_ctrl_dp_results.csv,0.9219858156028368,wt_ctrl,1,wt_ctrl_1
119,Mean31,220603_slice03_rec01_ctrl_dp_results.csv,0.8101045296167247,wt_ctrl,1,wt_ctrl_1
120,Mean4,220603_slice03_rec01_ctrl_dp_results.csv,0.7365145228215768,wt_ctrl,1,wt_ctrl_1
121,Mean5,220603_slice03_rec01_ctrl_dp_results.csv,0.5824039653035935,wt_ctrl,1,wt_ctrl_1
122,Mean6,220603_slice03_rec01_ctrl_dp_results.csv,1.0292887029288702,wt_ctrl,1,wt_ctrl_1
123,Mean7,220603_slice03_rec01_ctrl_dp_results.csv,0.8849557522123893,wt_ctrl,1,wt_ctrl_1
124,Mean9,220603_slice03_rec01_ctrl_dp_results.csv,0.9388097233864208,wt_ctrl,1,wt_ctrl_1
125,Mean11,220607_slice03_rec01_ctrl_dp_results.csv,1.25,wt_ctrl,1,wt_ctrl_1
126,Mean12,220607_slice03_rec01_ctrl_dp_results.csv,0.8845208845208845,wt_ctrl,1,wt_ctrl_1
127,Mean13,220607_slice03_rec01_ctrl_dp_results.csv,1.134453781512605,wt_ctrl,1,wt_ctrl_1
128,Mean15,220607_slice03_rec01_ctrl_dp_results.csv,1.2658310912789552,wt_ctrl,1,wt_ctrl_1
129,Mean16,220607_slice03_rec01_ctrl_dp_results.csv,0.8509052888455408,wt_ctrl,1,wt_ctrl_1
130,Mean17,220607_slice03_rec01_ctrl_dp_results.csv,,wt_ctrl,1,wt_ctrl_1
131,Mean20,220607_slice03_rec01_ctrl_dp_results.csv,0.9765625,wt_ctrl,1,wt_ctrl_1
132,Mean21,220607_slice03_rec01_ctrl_dp_results.csv,1.157894736842105,wt_ctrl,1,wt_ctrl_1
133,Mean23,220607_slice03_rec01_ctrl_dp_results.csv,0.8322981366459627,wt_ctrl,1,wt_ctrl_1
134,Mean24,220607_slice03_rec01_ctrl_dp_results.csv,1.3399778516057586,wt_ctrl,1,wt_ctrl_1
135,Mean25,220607_slice03_rec01_ctrl_dp_results.csv,0.8699273637812223,wt_ctrl,1,wt_ctrl_1
136,Mean26,220607_slice03_rec01_ctrl_dp_results.csv,0.74235807860262,wt_ctrl,1,wt_ctrl_1
137,Mean27,220607_slice03_rec01_ctrl_dp_results.csv,0.603448275862069,wt_ctrl,1,wt_ctrl_1
138,Mean3,220607_slice03_rec01_ctrl_dp_results.csv,1.0561609388097233,wt_ctrl,1,wt_ctrl_1
139,Mean4,220607_slice03_rec01_ctrl_dp_results.csv,1.1530398322851154,wt_ctrl,1,wt_ctrl_1
140,Mean6,220607_slice03_rec01_ctrl_dp_results.csv,1.1018621290256478,wt_ctrl,1,wt_ctrl_1
141,Mean8,220607_slice03_rec01_ctrl_dp_results.csv,1.2636899747262005,wt_ctrl,1,wt_ctrl_1
142,Mean9,220607_slice03_rec01_ctrl_dp_results.csv,0.5915492957746478,wt_ctrl,1,wt_ctrl_1
143,Mean1,220610_slice03_rec01_ctrl_dp_results.csv,0.7416666666666666,wt_ctrl,1,wt_ctrl_1
144,Mean12,220610_slice03_rec01_ctrl_dp_results.csv,1.1143695014662756,wt_ctrl,1,wt_ctrl_1
145,Mean13,220610_slice03_rec01_ctrl_dp_results.csv,1.1551925320886816,wt_ctrl,1,wt_ctrl_1
146,Mean14,220610_slice03_rec01_ctrl_dp_results.csv,0.7804878048780488,wt_ctrl,1,wt_ctrl_1
147,Mean15,220610_slice03_rec01_ctrl_dp_results.csv,0.6781376518218623,wt_ctrl,1,wt_ctrl_1
148,Mean17,220610_slice03_rec01_ctrl_dp_results.csv,0.5726041488085033,wt_ctrl,1,wt_ctrl_1
149,Mean3,220610_slice03_rec01_ctrl_dp_results.csv,0.8559322033898306,wt_ctrl,1,wt_ctrl_1
150,Mean5,220610_slice03_rec01_ctrl_dp_results.csv,0.8091188575395447,wt_ctrl,1,wt_ctrl_1
151,Mean6,220610_slice03_rec01_ctrl_dp_results.csv,0.766609880749574,wt_ctrl,1,wt_ctrl_1
152,Mean1,220601_slice02_rec01_5TTAP2_300isra_1_MMStack_Results.csv,0.7360406091370558,wt,1,wt_1
153,Mean10,220601_slice02_rec01_5TTAP2_300isra_1_MMStack_Results.csv,1.0286677908937605,wt,1,wt_1
154,Mean12,220601_slice02_rec01_5TTAP2_300isra_1_MMStack_Results.csv,1.1269974768713205,wt,1,wt_1
155,Mean13,220601_slice02_rec01_5TTAP2_300isra_1_MMStack_Results.csv,0.639386189258312,wt,1,wt_1
156,Mean15,220601_slice02_rec01_5TTAP2_300isra_1_MMStack_Results.csv,0.9245999775912754,wt,1,wt_1
157,Mean17,220601_slice02_rec01_5TTAP2_300isra_1_MMStack_Results.csv,0.5750506828851899,wt,1,wt_1
158,Mean19,220601_slice02_rec01_5TTAP2_300isra_1_MMStack_Results.csv,0.7243264808035295,wt,1,wt_1
159,Mean2,220601_slice02_rec01_5TTAP2_300isra_1_MMStack_Results.csv,0.6830431177446101,wt,1,wt_1
160,Mean20,220601_slice02_rec01_5TTAP2_300isra_1_MMStack_Results.csv,0.9560067681895092,wt,1,wt_1
161,Mean22,220601_slice02_rec01_5TTAP2_300isra_1_MMStack_Results.csv,0.6119791666666667,wt,1,wt_1
162,Mean24,220601_slice02_rec01_5TTAP2_300isra_1_MMStack_Results.csv,0.6302940293028068,wt,1,wt_1
163,Mean26,220601_slice02_rec01_5TTAP2_300isra_1_MMStack_Results.csv,0.8396946564885496,wt,1,wt_1
164,Mean29,220601_slice02_rec01_5TTAP2_300isra_1_MMStack_Results.csv,0.5086705202312138,wt,1,wt_1
165,Mean3,220601_slice02_rec01_5TTAP2_300isra_1_MMStack_Results.csv,0.7529610829103215,wt,1,wt_1
166,Mean30,220601_slice02_rec01_5TTAP2_300isra_1_MMStack_Results.csv,0.7568807339449541,wt,1,wt_1
167,Mean35,220601_slice02_rec01_5TTAP2_300isra_1_MMStack_Results.csv,0.896265172735761,wt,1,wt_1
168,Mean5,220601_slice02_rec01_5TTAP2_300isra_1_MMStack_Results.csv,0.8716613554978809,wt,1,wt_1
169,Mean6,220601_slice02_rec01_5TTAP2_300isra_1_MMStack_Results.csv,1.1548117154811717,wt,1,wt_1
170,Mean11,220603_slice01_rec01_5TTAP2_300isra_results.csv,0.3889369057908383,wt,1,wt_1
171,Mean12,220603_slice01_rec01_5TTAP2_300isra_results.csv,0.7281964436917866,wt,1,wt_1
172,Mean14,220603_slice01_rec01_5TTAP2_300isra_results.csv,0.9158415841584155,wt,1,wt_1
173,Mean22,220603_slice01_rec01_5TTAP2_300isra_results.csv,0.4610226320201173,wt,1,wt_1
174,Mean23,220603_slice01_rec01_5TTAP2_300isra_results.csv,0.6852791878172588,wt,1,wt_1
175,Mean24,220603_slice01_rec01_5TTAP2_300isra_results.csv,0.5855522111599907,wt,1,wt_1
176,Mean25,220603_slice01_rec01_5TTAP2_300isra_results.csv,0.4886267902274642,wt,1,wt_1
177,Mean3,220603_slice01_rec01_5TTAP2_300isra_results.csv,0.6357615894039734,wt,1,wt_1
178,Mean31,220603_slice01_rec01_5TTAP2_300isra_results.csv,0.6727809002127182,wt,1,wt_1
179,Mean4,220603_slice01_rec01_5TTAP2_300isra_results.csv,0.5989583333333334,wt,1,wt_1
180,Mean9,220603_slice01_rec01_5TTAP2_300isra_results.csv,0.6333973128598848,wt,1,wt_1
181,Mean1,220607_slice01_rec01_5TTAP2_300isra_results.csv,0.5240549828178693,wt,1,wt_1
182,Mean10,220607_slice01_rec01_5TTAP2_300isra_results.csv,0.4215963569588741,wt,1,wt_1
183,Mean11,220607_slice01_rec01_5TTAP2_300isra_results.csv,0.4665959703075291,wt,1,wt_1
184,Mean12,220607_slice01_rec01_5TTAP2_300isra_results.csv,0.5072463768115941,wt,1,wt_1
185,Mean13,220607_slice01_rec01_5TTAP2_300isra_results.csv,0.4553571428571428,wt,1,wt_1
186,Mean14,220607_slice01_rec01_5TTAP2_300isra_results.csv,0.914351851851852,wt,1,wt_1
187,Mean17,220607_slice01_rec01_5TTAP2_300isra_results.csv,0.626057529610829,wt,1,wt_1
188,Mean18,220607_slice01_rec01_5TTAP2_300isra_results.csv,0.5996621621621622,wt,1,wt_1
189,Mean2,220607_slice01_rec01_5TTAP2_300isra_results.csv,0.4716981132075471,wt,1,wt_1
190,Mean20,220607_slice01_rec01_5TTAP2_300isra_results.csv,0.3876139681296994,wt,1,wt_1
191,Mean4,220607_slice01_rec01_5TTAP2_300isra_results.csv,0.5365853658536585,wt,1,wt_1
192,Mean5,220607_slice01_rec01_5TTAP2_300isra_results.csv,0.7123775601068566,wt,1,wt_1
193,Mean10,220610_slice01_rec01_5TTAP2_300isra_results.csv,0.5452127659574468,wt,1,wt_1
194,Mean12,220610_slice01_rec01_5TTAP2_300isra_results.csv,0.4509803921568627,wt,1,wt_1
195,Mean13,220610_slice01_rec01_5TTAP2_300isra_results.csv,0.9367088607594936,wt,1,wt_1
196,Mean14,220610_slice01_rec01_5TTAP2_300isra_results.csv,0.5990829346092503,wt,1,wt_1
197,Mean31,220610_slice01_rec01_5TTAP2_300isra_results.csv,0.6746987951807228,wt,1,wt_1
198,Mean9,220610_slice01_rec01_5TTAP2_300isra_results.csv,0.5908419497784342,wt,1,wt_1
199,Mean1,230223_slice05_500pM_AngII_ctrl_results.ome.csv,0.5322128851540615,wt_ctrl,2,wt_ctrl_2
200,Mean10,230223_slice05_500pM_AngII_ctrl_results.ome.csv,0.5072463768115941,wt_ctrl,2,wt_ctrl_2
201,Mean12,230223_slice05_500pM_AngII_ctrl_results.ome.csv,0.988372093023256,wt_ctrl,2,wt_ctrl_2
202,Mean18,230223_slice05_500pM_AngII_ctrl_results.ome.csv,0.4973286812408003,wt_ctrl,2,wt_ctrl_2
203,Mean19,230223_slice05_500pM_AngII_ctrl_results.ome.csv,0.8175559380378656,wt_ctrl,2,wt_ctrl_2
204,Mean23,230223_slice05_500pM_AngII_ctrl_results.ome.csv,0.7080504364694471,wt_ctrl,2,wt_ctrl_2
205,Mean3,230223_slice05_500pM_AngII_ctrl_results.ome.csv,0.4705882352941176,wt_ctrl,2,wt_ctrl_2
206,Mean4,230223_slice05_500pM_AngII_ctrl_results.ome.csv,0.4452054794520548,wt_ctrl,2,wt_ctrl_2
207,Mean5,230223_slice05_500pM_AngII_ctrl_results.ome.csv,0.5116279069767441,wt_ctrl,2,wt_ctrl_2
208,Mean10,230224_slice02_500pM_AngII_ctrl_results.csv,0.9655172413793104,wt_ctrl,2,wt_ctrl_2
209,Mean14,230224_slice02_500pM_AngII_ctrl_results.csv,0.7007001604925526,wt_ctrl,2,wt_ctrl_2
210,Mean21,230224_slice02_500pM_AngII_ctrl_results.csv,0.8333333333333333,wt_ctrl,2,wt_ctrl_2
211,Mean24,230224_slice02_500pM_AngII_ctrl_results.csv,0.963298139768728,wt_ctrl,2,wt_ctrl_2
212,Mean25,230224_slice02_500pM_AngII_ctrl_results.csv,0.4980842911877394,wt_ctrl,2,wt_ctrl_2
213,Mean32,230224_slice02_500pM_AngII_ctrl_results.csv,0.7350966547054057,wt_ctrl,2,wt_ctrl_2
214,Mean33,230224_slice02_500pM_AngII_ctrl_results.csv,0.747864224039472,wt_ctrl,2,wt_ctrl_2
215,Mean36,230224_slice02_500pM_AngII_ctrl_results.csv,0.5622122762148338,wt_ctrl,2,wt_ctrl_2
216,Mean37,230224_slice02_500pM_AngII_ctrl_results.csv,0.9748427672955974,wt_ctrl,2,wt_ctrl_2
217,Mean38,230224_slice02_500pM_AngII_ctrl_results.csv,0.4934210526315789,wt_ctrl,2,wt_ctrl_2
218,Mean5,230224_slice02_500pM_AngII_ctrl_results.csv,0.6377551020408163,wt_ctrl,2,wt_ctrl_2
219,Mean7,230224_slice02_500pM_AngII_ctrl_results.csv,1.0209923664122136,wt_ctrl,2,wt_ctrl_2
220,Mean9,230224_slice02_500pM_AngII_ctrl_results.csv,0.7185122569737954,wt_ctrl,2,wt_ctrl_2
221,Mean14,230224_slice03_500pM_AngII_ctrl_results.csv,0.8421620374798685,wt_ctrl,2,wt_ctrl_2
222,Mean15,230224_slice03_500pM_AngII_ctrl_results.csv,0.5701754385964911,wt_ctrl,2,wt_ctrl_2
223,Mean18,230224_slice03_500pM_AngII_ctrl_results.csv,0.9601204375076808,wt_ctrl,2,wt_ctrl_2
224,Mean2,230224_slice03_500pM_AngII_ctrl_results.csv,0.7134363852556479,wt_ctrl,2,wt_ctrl_2
225,Mean21,230224_slice03_500pM_AngII_ctrl_results.csv,0.6329113924050632,wt_ctrl,2,wt_ctrl_2
226,Mean23,230224_slice03_500pM_AngII_ctrl_results.csv,0.5995496790265402,wt_ctrl,2,wt_ctrl_2
227,Mean24,230224_slice03_500pM_AngII_ctrl_results.csv,0.6351602612909145,wt_ctrl,2,wt_ctrl_2
228,Mean28,230224_slice03_500pM_AngII_ctrl_results.csv,0.7104316546762589,wt_ctrl,2,wt_ctrl_2
229,Mean31,230224_slice03_500pM_AngII_ctrl_results.csv,0.8136752136752137,wt_ctrl,2,wt_ctrl_2
230,Mean32,230224_slice03_500pM_AngII_ctrl_results.csv,0.8394906654844588,wt_ctrl,2,wt_ctrl_2
231,Mean34,230224_slice03_500pM_AngII_ctrl_results.csv,0.6081081081081081,wt_ctrl,2,wt_ctrl_2
232,Mean4,230224_slice03_500pM_AngII_ctrl_results.csv,0.5635838150289016,wt_ctrl,2,wt_ctrl_2
233,Mean6,230224_slice03_500pM_AngII_ctrl_results.csv,0.7203907203907203,wt_ctrl,2,wt_ctrl_2
234,Mean7,230224_slice03_500pM_AngII_ctrl_results.csv,0.4155844155844156,wt_ctrl,2,wt_ctrl_2
235,Mean9,230224_slice03_500pM_AngII_ctrl_results.csv,0.6974042761713996,wt_ctrl,2,wt_ctrl_2
236,Mean1,230227_slice01_500pM_AngII_ctrl_results.csv,0.5364372469635628,wt_ctrl,2,wt_ctrl_2
237,Mean13,230227_slice01_500pM_AngII_ctrl_results.csv,0.5366269165247018,wt_ctrl,2,wt_ctrl_2
238,Mean14,230227_slice01_500pM_AngII_ctrl_results.csv,0.4140969162995594,wt_ctrl,2,wt_ctrl_2
239,Mean15,230227_slice01_500pM_AngII_ctrl_results.csv,0.5509021708145506,wt_ctrl,2,wt_ctrl_2
240,Mean16,230227_slice01_500pM_AngII_ctrl_results.csv,0.5008347245409015,wt_ctrl,2,wt_ctrl_2
241,Mean19,230227_slice01_500pM_AngII_ctrl_results.csv,0.5333333333333333,wt_ctrl,2,wt_ctrl_2
242,Mean2,230227_slice01_500pM_AngII_ctrl_results.csv,0.6050955414012738,wt_ctrl,2,wt_ctrl_2
243,Mean20,230227_slice01_500pM_AngII_ctrl_results.csv,0.4979253112033195,wt_ctrl,2,wt_ctrl_2
244,Mean21,230227_slice01_500pM_AngII_ctrl_results.csv,0.6017191977077363,wt_ctrl,2,wt_ctrl_2
245,Mean22,230227_slice01_500pM_AngII_ctrl_results.csv,0.5595667870036101,wt_ctrl,2,wt_ctrl_2
246,Mean23,230227_slice01_500pM_AngII_ctrl_results.csv,0.5787234042553191,wt_ctrl,2,wt_ctrl_2
247,Mean24,230227_slice01_500pM_AngII_ctrl_results.csv,0.5555048476735224,wt_ctrl,2,wt_ctrl_2
248,Mean26,230227_slice01_500pM_AngII_ctrl_results.csv,0.4440652256351914,wt_ctrl,2,wt_ctrl_2
249,Mean27,230227_slice01_500pM_AngII_ctrl_results.csv,0.7075471698113207,wt_ctrl,2,wt_ctrl_2
250,Mean3,230227_slice01_500pM_AngII_ctrl_results.csv,0.7109407417652986,wt_ctrl,2,wt_ctrl_2
251,Mean31,230227_slice01_500pM_AngII_ctrl_results.csv,0.5992509363295879,wt_ctrl,2,wt_ctrl_2
252,Mean32,230227_slice01_500pM_AngII_ctrl_results.csv,0.4971015214935885,wt_ctrl,2,wt_ctrl_2
253,Mean33,230227_slice01_500pM_AngII_ctrl_results.csv,0.4854368932038835,wt_ctrl,2,wt_ctrl_2
254,Mean35,230227_slice01_500pM_AngII_ctrl_results.csv,0.4054054054054054,wt_ctrl,2,wt_ctrl_2
255,Mean36,230227_slice01_500pM_AngII_ctrl_results.csv,0.7081545064377682,wt_ctrl,2,wt_ctrl_2
256,Mean38,230227_slice01_500pM_AngII_ctrl_results.csv,1.0326086956521738,wt_ctrl,2,wt_ctrl_2
257,Mean39,230227_slice01_500pM_AngII_ctrl_results.csv,0.5203816131830009,wt_ctrl,2,wt_ctrl_2
258,Mean4,230227_slice01_500pM_AngII_ctrl_results.csv,0.6241699867197874,wt_ctrl,2,wt_ctrl_2
259,Mean40,230227_slice01_500pM_AngII_ctrl_results.csv,1.112970711297071,wt_ctrl,2,wt_ctrl_2
260,Mean41,230227_slice01_500pM_AngII_ctrl_results.csv,0.5513016845329249,wt_ctrl,2,wt_ctrl_2
261,Mean42,230227_slice01_500pM_AngII_ctrl_results.csv,0.9302325581395348,wt_ctrl,2,wt_ctrl_2
262,Mean6,230227_slice01_500pM_AngII_ctrl_results.csv,0.9044620786013684,wt_ctrl,2,wt_ctrl_2
263,Mean7,230227_slice01_500pM_AngII_ctrl_results.csv,0.8757706160881705,wt_ctrl,2,wt_ctrl_2
264,Mean8,230227_slice01_500pM_AngII_ctrl_results.csv,0.7191201353637902,wt_ctrl,2,wt_ctrl_2
265,Mean12,230228_slice01_500pM_AngII_ctrl_results.csv,0.6133796273656413,wt_ctrl,2,wt_ctrl_2
266,Mean14,230228_slice01_500pM_AngII_ctrl_results.csv,0.8845829823083402,wt_ctrl,2,wt_ctrl_2
267,Mean15,230228_slice01_500pM_AngII_ctrl_results.csv,0.630252100840336,wt_ctrl,2,wt_ctrl_2
268,Mean18,230228_slice01_500pM_AngII_ctrl_results.csv,0.5246515288798587,wt_ctrl,2,wt_ctrl_2
269,Mean19,230228_slice01_500pM_AngII_ctrl_results.csv,0.7197943444730077,wt_ctrl,2,wt_ctrl_2
270,Mean2,230228_slice01_500pM_AngII_ctrl_results.csv,0.9014321819713564,wt_ctrl,2,wt_ctrl_2
271,Mean20,230228_slice01_500pM_AngII_ctrl_results.csv,0.7197943444730077,wt_ctrl,2,wt_ctrl_2
272,Mean23,230228_slice01_500pM_AngII_ctrl_results.csv,0.8641975308641975,wt_ctrl,2,wt_ctrl_2
273,Mean3,230228_slice01_500pM_AngII_ctrl_results.csv,0.7342451499842554,wt_ctrl,2,wt_ctrl_2
274,Mean4,230228_slice01_500pM_AngII_ctrl_results.csv,0.7232968881412951,wt_ctrl,2,wt_ctrl_2
275,Mean5,230228_slice01_500pM_AngII_ctrl_results.csv,0.8487084870848708,wt_ctrl,2,wt_ctrl_2
276,Mean6,230228_slice01_500pM_AngII_ctrl_results.csv,0.6259643201542913,wt_ctrl,2,wt_ctrl_2
277,Mean10,230302_slice06_500pM_AngII_ctrl_results.csv,0.7016060862214708,wt_ctrl,2,wt_ctrl_2
278,Mean11,230302_slice06_500pM_AngII_ctrl_results.csv,0.6119623198274884,wt_ctrl,2,wt_ctrl_2
279,Mean12,230302_slice06_500pM_AngII_ctrl_results.csv,0.4347826086956521,wt_ctrl,2,wt_ctrl_2
280,Mean13,230302_slice06_500pM_AngII_ctrl_results.csv,0.4347826086956521,wt_ctrl,2,wt_ctrl_2
281,Mean14,230302_slice06_500pM_AngII_ctrl_results.csv,0.8551724137931034,wt_ctrl,2,wt_ctrl_2
282,Mean16,230302_slice06_500pM_AngII_ctrl_results.csv,0.6973995271867611,wt_ctrl,2,wt_ctrl_2
283,Mean2,230302_slice06_500pM_AngII_ctrl_results.csv,0.417910447761194,wt_ctrl,2,wt_ctrl_2
284,Mean22,230302_slice06_500pM_AngII_ctrl_results.csv,0.3612167300380228,wt_ctrl,2,wt_ctrl_2
285,Mean23,230302_slice06_500pM_AngII_ctrl_results.csv,0.4838709677419354,wt_ctrl,2,wt_ctrl_2
286,Mean24,230302_slice06_500pM_AngII_ctrl_results.csv,0.6587947170471442,wt_ctrl,2,wt_ctrl_2
287,Mean25,230302_slice06_500pM_AngII_ctrl_results.csv,0.664983164983165,wt_ctrl,2,wt_ctrl_2
288,Mean4,230302_slice06_500pM_AngII_ctrl_results.csv,0.6416085421510376,wt_ctrl,2,wt_ctrl_2
289,Mean8,230302_slice06_500pM_AngII_ctrl_results.csv,1.3016710642040457,wt_ctrl,2,wt_ctrl_2
290,Mean9,230302_slice06_500pM_AngII_ctrl_results.csv,0.5097706032285471,wt_ctrl,2,wt_ctrl_2
291,Mean14,220601_slice03_rec01_ctrl_dp_results.csv,0.7166199813258636,wt_ctrl,2,wt_ctrl_2
292,Mean15,220601_slice03_rec01_ctrl_dp_results.csv,1.1139004149377594,wt_ctrl,2,wt_ctrl_2
293,Mean16,220601_slice03_rec01_ctrl_dp_results.csv,0.819672131147541,wt_ctrl,2,wt_ctrl_2
294,Mean2,220601_slice03_rec01_ctrl_dp_results.csv,1.0,wt_ctrl,2,wt_ctrl_2
295,Mean3,220601_slice03_rec01_ctrl_dp_results.csv,0.6828193832599119,wt_ctrl,2,wt_ctrl_2
296,Mean5,220601_slice03_rec01_ctrl_dp_results.csv,1.3333333333333333,wt_ctrl,2,wt_ctrl_2
297,Mean6,220601_slice03_rec01_ctrl_dp_results.csv,1.414141414141414,wt_ctrl,2,wt_ctrl_2
298,Mean1,220603_slice03_rec01_ctrl_dp_results.csv,0.6802721088435374,wt_ctrl,2,wt_ctrl_2
299,Mean10,220603_slice03_rec01_ctrl_dp_results.csv,0.5603448275862069,wt_ctrl,2,wt_ctrl_2
300,Mean12,220603_slice03_rec01_ctrl_dp_results.csv,0.8591549295774649,wt_ctrl,2,wt_ctrl_2
301,Mean13,220603_slice03_rec01_ctrl_dp_results.csv,0.7972027972027971,wt_ctrl,2,wt_ctrl_2
302,Mean14,220603_slice03_rec01_ctrl_dp_results.csv,0.8715596330275229,wt_ctrl,2,wt_ctrl_2
303,Mean15,220603_slice03_rec01_ctrl_dp_results.csv,0.7269653423499577,wt_ctrl,2,wt_ctrl_2
304,Mean16,220603_slice03_rec01_ctrl_dp_results.csv,0.8612440191387559,wt_ctrl,2,wt_ctrl_2
305,Mean17,220603_slice03_rec01_ctrl_dp_results.csv,0.5870445344129555,wt_ctrl,2,wt_ctrl_2
306,Mean18,220603_slice03_rec01_ctrl_dp_results.csv,1.132713440405748,wt_ctrl,2,wt_ctrl_2
307,Mean20,220603_slice03_rec01_ctrl_dp_results.csv,0.7047297297297297,wt_ctrl,2,wt_ctrl_2
308,Mean21,220603_slice03_rec01_ctrl_dp_results.csv,0.5525606469002695,wt_ctrl,2,wt_ctrl_2
309,Mean22,220603_slice03_rec01_ctrl_dp_results.csv,0.7818930041152263,wt_ctrl,2,wt_ctrl_2
310,Mean23,220603_slice03_rec01_ctrl_dp_results.csv,0.9549071618037136,wt_ctrl,2,wt_ctrl_2
311,Mean24,220603_slice03_rec01_ctrl_dp_results.csv,0.6481481481481481,wt_ctrl,2,wt_ctrl_2
312,Mean25,220603_slice03_rec01_ctrl_dp_results.csv,0.9562977733466268,wt_ctrl,2,wt_ctrl_2
313,Mean27,220603_slice03_rec01_ctrl_dp_results.csv,0.6306306306306306,wt_ctrl,2,wt_ctrl_2
314,Mean28,220603_slice03_rec01_ctrl_dp_results.csv,0.7162790697674418,wt_ctrl,2,wt_ctrl_2
315,Mean29,220603_slice03_rec01_ctrl_dp_results.csv,0.6000566893424035,wt_ctrl,2,wt_ctrl_2
316,Mean3,220603_slice03_rec01_ctrl_dp_results.csv,0.5913978494623655,wt_ctrl,2,wt_ctrl_2
317,Mean30,220603_slice03_rec01_ctrl_dp_results.csv,0.6394316163410301,wt_ctrl,2,wt_ctrl_2
318,Mean31,220603_slice03_rec01_ctrl_dp_results.csv,0.5709624796084828,wt_ctrl,2,wt_ctrl_2
319,Mean4,220603_slice03_rec01_ctrl_dp_results.csv,0.7207545227963253,wt_ctrl,2,wt_ctrl_2
320,Mean5,220603_slice03_rec01_ctrl_dp_results.csv,0.4761904761904761,wt_ctrl,2,wt_ctrl_2
321,Mean6,220603_slice03_rec01_ctrl_dp_results.csv,0.8532423208191126,wt_ctrl,2,wt_ctrl_2
322,Mean7,220603_slice03_rec01_ctrl_dp_results.csv,0.7593582887700535,wt_ctrl,2,wt_ctrl_2
323,Mean9,220603_slice03_rec01_ctrl_dp_results.csv,0.8741467817453601,wt_ctrl,2,wt_ctrl_2
324,Mean11,220607_slice03_rec01_ctrl_dp_results.csv,0.8759842519685038,wt_ctrl,2,wt_ctrl_2
325,Mean12,220607_slice03_rec01_ctrl_dp_results.csv,0.8927978758712247,wt_ctrl,2,wt_ctrl_2
326,Mean13,220607_slice03_rec01_ctrl_dp_results.csv,0.830188679245283,wt_ctrl,2,wt_ctrl_2
327,Mean15,220607_slice03_rec01_ctrl_dp_results.csv,1.3682277318640954,wt_ctrl,2,wt_ctrl_2
328,Mean16,220607_slice03_rec01_ctrl_dp_results.csv,0.8108475682733108,wt_ctrl,2,wt_ctrl_2
329,Mean17,220607_slice03_rec01_ctrl_dp_results.csv,1.7408936391420533,wt_ctrl,2,wt_ctrl_2
330,Mean20,220607_slice03_rec01_ctrl_dp_results.csv,0.7660738714090287,wt_ctrl,2,wt_ctrl_2
331,Mean21,220607_slice03_rec01_ctrl_dp_results.csv,0.995854908898387,wt_ctrl,2,wt_ctrl_2
332,Mean23,220607_slice03_rec01_ctrl_dp_results.csv,0.6499999999999999,wt_ctrl,2,wt_ctrl_2
333,Mean24,220607_slice03_rec01_ctrl_dp_results.csv,1.1215667767815007,wt_ctrl,2,wt_ctrl_2
334,Mean25,220607_slice03_rec01_ctrl_dp_results.csv,0.7442809150535914,wt_ctrl,2,wt_ctrl_2
335,Mean26,220607_slice03_rec01_ctrl_dp_results.csv,0.8403361344537814,wt_ctrl,2,wt_ctrl_2
336,Mean27,220607_slice03_rec01_ctrl_dp_results.csv,0.6132075471698113,wt_ctrl,2,wt_ctrl_2
337,Mean3,220607_slice03_rec01_ctrl_dp_results.csv,1.1073449601174263,wt_ctrl,2,wt_ctrl_2
338,Mean4,220607_slice03_rec01_ctrl_dp_results.csv,0.7958477508650519,wt_ctrl,2,wt_ctrl_2
339,Mean6,220607_slice03_rec01_ctrl_dp_results.csv,1.0154639175257731,wt_ctrl,2,wt_ctrl_2
340,Mean8,220607_slice03_rec01_ctrl_dp_results.csv,1.26775956284153,wt_ctrl,2,wt_ctrl_2
341,Mean9,220607_slice03_rec01_ctrl_dp_results.csv,0.3849144113349687,wt_ctrl,2,wt_ctrl_2
342,Mean1,220610_slice03_rec01_ctrl_dp_results.csv,0.588235294117647,wt_ctrl,2,wt_ctrl_2
343,Mean12,220610_slice03_rec01_ctrl_dp_results.csv,1.4347878983999405,wt_ctrl,2,wt_ctrl_2
344,Mean13,220610_slice03_rec01_ctrl_dp_results.csv,1.1386138613861383,wt_ctrl,2,wt_ctrl_2
345,Mean14,220610_slice03_rec01_ctrl_dp_results.csv,0.8450704225352113,wt_ctrl,2,wt_ctrl_2
346,Mean15,220610_slice03_rec01_ctrl_dp_results.csv,0.7467532467532466,wt_ctrl,2,wt_ctrl_2
347,Mean17,220610_slice03_rec01_ctrl_dp_results.csv,0.8157099697885195,wt_ctrl,2,wt_ctrl_2
348,Mean3,220610_slice03_rec01_ctrl_dp_results.csv,1.1336405529953917,wt_ctrl,2,wt_ctrl_2
349,Mean5,220610_slice03_rec01_ctrl_dp_results.csv,0.7249466950959487,wt_ctrl,2,wt_ctrl_2
350,Mean6,220610_slice03_rec01_ctrl_dp_results.csv,0.6458797327394209,wt_ctrl,2,wt_ctrl_2
351,Mean1,220601_slice02_rec01_5TTAP2_300isra_1_MMStack_Results.csv,0.6469002695417789,wt,2,wt_2
352,Mean10,220601_slice02_rec01_5TTAP2_300isra_1_MMStack_Results.csv,1.774600504625736,wt,2,wt_2
353,Mean12,220601_slice02_rec01_5TTAP2_300isra_1_MMStack_Results.csv,1.4285714285714284,wt,2,wt_2
354,Mean13,220601_slice02_rec01_5TTAP2_300isra_1_MMStack_Results.csv,1.2676056338028168,wt,2,wt_2
355,Mean15,220601_slice02_rec01_5TTAP2_300isra_1_MMStack_Results.csv,0.7511737089201878,wt,2,wt_2
356,Mean17,220601_slice02_rec01_5TTAP2_300isra_1_MMStack_Results.csv,0.6341463414634145,wt,2,wt_2
357,Mean19,220601_slice02_rec01_5TTAP2_300isra_1_MMStack_Results.csv,1.423076923076923,wt,2,wt_2
358,Mean2,220601_slice02_rec01_5TTAP2_300isra_1_MMStack_Results.csv,0.7543103448275863,wt,2,wt_2
359,Mean20,220601_slice02_rec01_5TTAP2_300isra_1_MMStack_Results.csv,1.2053571428571428,wt,2,wt_2
360,Mean22,220601_slice02_rec01_5TTAP2_300isra_1_MMStack_Results.csv,0.5585680694851001,wt,2,wt_2
361,Mean24,220601_slice02_rec01_5TTAP2_300isra_1_MMStack_Results.csv,1.2222394781798416,wt,2,wt_2
362,Mean26,220601_slice02_rec01_5TTAP2_300isra_1_MMStack_Results.csv,1.6626506024096386,wt,2,wt_2
363,Mean29,220601_slice02_rec01_5TTAP2_300isra_1_MMStack_Results.csv,0.5035971223021583,wt,2,wt_2
364,Mean3,220601_slice02_rec01_5TTAP2_300isra_1_MMStack_Results.csv,0.6469002695417789,wt,2,wt_2
365,Mean30,220601_slice02_rec01_5TTAP2_300isra_1_MMStack_Results.csv,1.182795698924731,wt,2,wt_2
366,Mean35,220601_slice02_rec01_5TTAP2_300isra_1_MMStack_Results.csv,1.3673914378723666,wt,2,wt_2
367,Mean5,220601_slice02_rec01_5TTAP2_300isra_1_MMStack_Results.csv,0.8823529411764705,wt,2,wt_2
368,Mean6,220601_slice02_rec01_5TTAP2_300isra_1_MMStack_Results.csv,1.1438183347350714,wt,2,wt_2
369,Mean11,220603_slice01_rec01_5TTAP2_300isra_results.csv,1.1304179566563466,wt,2,wt_2
370,Mean12,220603_slice01_rec01_5TTAP2_300isra_results.csv,1.2561576354679802,wt,2,wt_2
371,Mean14,220603_slice01_rec01_5TTAP2_300isra_results.csv,1.4634146341463414,wt,2,wt_2
372,Mean22,220603_slice01_rec01_5TTAP2_300isra_results.csv,0.7523148148148147,wt,2,wt_2
373,Mean23,220603_slice01_rec01_5TTAP2_300isra_results.csv,1.197939274862352,wt,2,wt_2
374,Mean24,220603_slice01_rec01_5TTAP2_300isra_results.csv,1.5770609318996414,wt,2,wt_2
375,Mean25,220603_slice01_rec01_5TTAP2_300isra_results.csv,0.8229936269809937,wt,2,wt_2
376,Mean3,220603_slice01_rec01_5TTAP2_300isra_results.csv,1.2773722627737223,wt,2,wt_2
377,Mean31,220603_slice01_rec01_5TTAP2_300isra_results.csv,1.5620848237097595,wt,2,wt_2
378,Mean4,220603_slice01_rec01_5TTAP2_300isra_results.csv,1.4838709677419355,wt,2,wt_2
379,Mean9,220603_slice01_rec01_5TTAP2_300isra_results.csv,0.9829059829059827,wt,2,wt_2
380,Mean1,220607_slice01_rec01_5TTAP2_300isra_results.csv,0.764942063559683,wt,2,wt_2
381,Mean10,220607_slice01_rec01_5TTAP2_300isra_results.csv,0.4564666103127641,wt,2,wt_2
382,Mean11,220607_slice01_rec01_5TTAP2_300isra_results.csv,0.6252784377784377,wt,2,wt_2
383,Mean12,220607_slice01_rec01_5TTAP2_300isra_results.csv,0.7272727272727273,wt,2,wt_2
384,Mean13,220607_slice01_rec01_5TTAP2_300isra_results.csv,0.8802816901408451,wt,2,wt_2
385,Mean14,220607_slice01_rec01_5TTAP2_300isra_results.csv,0.9395973154362416,wt,2,wt_2
386,Mean17,220607_slice01_rec01_5TTAP2_300isra_results.csv,0.9655751469353484,wt,2,wt_2
387,Mean18,220607_slice01_rec01_5TTAP2_300isra_results.csv,1.2439024390243902,wt,2,wt_2
388,Mean2,220607_slice01_rec01_5TTAP2_300isra_results.csv,0.634441087613293,wt,2,wt_2
389,Mean20,220607_slice01_rec01_5TTAP2_300isra_results.csv,0.953757225433526,wt,2,wt_2
390,Mean4,220607_slice01_rec01_5TTAP2_300isra_results.csv,0.6617647058823529,wt,2,wt_2
391,Mean5,220607_slice01_rec01_5TTAP2_300isra_results.csv,0.7853403141361256,wt,2,wt_2
392,Mean10,220610_slice01_rec01_5TTAP2_300isra_results.csv,0.8163265306122448,wt,2,wt_2
393,Mean12,220610_slice01_rec01_5TTAP2_300isra_results.csv,1.2857142857142856,wt,2,wt_2
394,Mean13,220610_slice01_rec01_5TTAP2_300isra_results.csv,0.988593155893536,wt,2,wt_2
395,Mean14,220610_slice01_rec01_5TTAP2_300isra_results.csv,0.7739938080495355,wt,2,wt_2
396,Mean31,220610_slice01_rec01_5TTAP2_300isra_results.csv,1.1059907834101383,wt,2,wt_2
397,Mean9,220610_slice01_rec01_5TTAP2_300isra_results.csv,1.0230696052005708,wt,2,wt_2
